{
   "1": {
      "CpM": 0.094
   },
   "2": {
      "CpM": 0.1663979
   },
   "3": {
      "CpM": 0.2157325
   },
   "4": {
      "CpM": 0.2557201
   },
   "5": {
      "CpM": 0.2902499
   },
   "6": {
      "CpM": 0.3210876
   },
   "7": {
      "CpM": 0.3492127
   },
   "8": {
      "CpM": 0.3752356
   },
   "9": {
      "CpM": 0.3995673
   },
   "10": {
      "CpM": 0.4225
   },
   "11": {
      "CpM": 0.4431076
   },
   "12": {
      "CpM": 0.4627984
   },
   "13": {
      "CpM": 0.481685
   },
   "14": {
      "CpM": 0.4998584
   },
   "15": {
      "CpM": 0.517394
   },
   "16": {
      "CpM": 0.5343543
   },
   "17": {
      "CpM": 0.5507927
   },
   "18": {
      "CpM": 0.5667545
   },
   "19": {
      "CpM": 0.5822789
   },
   "20": {
      "CpM": 0.5974
   },
   "21": {
      "CpM": 0.6121573
   },
   "22": {
      "CpM": 0.6265671
   },
   "23": {
      "CpM": 0.640653
   },
   "24": {
      "CpM": 0.6544356
   },
   "25": {
      "CpM": 0.667934
   },
   "26": {
      "CpM": 0.6811649
   },
   "27": {
      "CpM": 0.6941437
   },
   "28": {
      "CpM": 0.7068842
   },
   "29": {
      "CpM": 0.7193991
   },
   "30": {
      "CpM": 0.7317
   },
   "31": {
      "CpM": 0.7377695
   },
   "32": {
      "CpM": 0.7437894
   },
   "33": {
      "CpM": 0.749761
   },
   "34": {
      "CpM": 0.7556855
   },
   "35": {
      "CpM": 0.7615638
   },
   "36": {
      "CpM": 0.7673972
   },
   "37": {
      "CpM": 0.7731865
   },
   "38": {
      "CpM": 0.7789328
   },
   "39": {
      "CpM": 0.784637
   },
   "40": {
      "CpM": 0.7903
   },
   "1.5": {
      "CpM": 0.1351374
   },
   "2.5": {
      "CpM": 0.1926509
   },
   "3.5": {
      "CpM": 0.2365727
   },
   "4.5": {
      "CpM": 0.2735304
   },
   "5.5": {
      "CpM": 0.3060574
   },
   "6.5": {
      "CpM": 0.335445
   },
   "7.5": {
      "CpM": 0.3624578
   },
   "8.5": {
      "CpM": 0.3875924
   },
   "9.5": {
      "CpM": 0.4111936
   },
   "10.5": {
      "CpM": 0.4329264
   },
   "11.5": {
      "CpM": 0.45306
   },
   "12.5": {
      "CpM": 0.4723361
   },
   "13.5": {
      "CpM": 0.4908558
   },
   "14.5": {
      "CpM": 0.5087018
   },
   "15.5": {
      "CpM": 0.5259425
   },
   "16.5": {
      "CpM": 0.5426358
   },
   "17.5": {
      "CpM": 0.5588306
   },
   "18.5": {
      "CpM": 0.5745692
   },
   "19.5": {
      "CpM": 0.5898879
   },
   "20.5": {
      "CpM": 0.6048188
   },
   "21.5": {
      "CpM": 0.6194041
   },
   "22.5": {
      "CpM": 0.6336492
   },
   "23.5": {
      "CpM": 0.647581
   },
   "24.5": {
      "CpM": 0.6612193
   },
   "25.5": {
      "CpM": 0.6745819
   },
   "26.5": {
      "CpM": 0.6876849
   },
   "27.5": {
      "CpM": 0.7005429
   },
   "28.5": {
      "CpM": 0.7131691
   },
   "29.5": {
      "CpM": 0.7255756
   },
   "30.5": {
      "CpM": 0.734741
   },
   "31.5": {
      "CpM": 0.7407856
   },
   "32.5": {
      "CpM": 0.7467812
   },
   "33.5": {
      "CpM": 0.7527291
   },
   "34.5": {
      "CpM": 0.7586304
   },
   "35.5": {
      "CpM": 0.7644861
   },
   "36.5": {
      "CpM": 0.7702973
   },
   "37.5": {
      "CpM": 0.776065
   },
   "38.5": {
      "CpM": 0.7817901
   },
   "39.5": {
      "CpM": 0.7874736
   },
   "40.5": {
      "CpM": 0.7931164
   }
}
