{
    "1": {
        "CpM": 0.094
    },
    "2": {
        "CpM": 0.16639787
    },
    "3": {
        "CpM": 0.21573247
    },
    "4": {
        "CpM": 0.25572005
    },
    "5": {
        "CpM": 0.29024988
    },
    "6": {
        "CpM": 0.3210876
    },
    "7": {
        "CpM": 0.34921268
    },
    "8": {
        "CpM": 0.37523559
    },
    "9": {
        "CpM": 0.39956728
    },
    "10": {
        "CpM": 0.42250001
    },
    "11": {
        "CpM": 0.44310755
    },
    "12": {
        "CpM": 0.46279839
    },
    "13": {
        "CpM": 0.48168495
    },
    "14": {
        "CpM": 0.49985844
    },
    "15": {
        "CpM": 0.51739395
    },
    "16": {
        "CpM": 0.53435433
    },
    "17": {
        "CpM": 0.55079269
    },
    "18": {
        "CpM": 0.56675452
    },
    "19": {
        "CpM": 0.58227891
    },
    "20": {
        "CpM": 0.59740001
    },
    "21": {
        "CpM": 0.61215729
    },
    "22": {
        "CpM": 0.62656713
    },
    "23": {
        "CpM": 0.64065295
    },
    "24": {
        "CpM": 0.65443563
    },
    "25": {
        "CpM": 0.667934
    },
    "26": {
        "CpM": 0.68116492
    },
    "27": {
        "CpM": 0.69414365
    },
    "28": {
        "CpM": 0.70688421
    },
    "29": {
        "CpM": 0.71939909
    },
    "30": {
        "CpM": 0.7317
    },
    "31": {
        "CpM": 0.73776948
    },
    "32": {
        "CpM": 0.74378943
    },
    "33": {
        "CpM": 0.74976104
    },
    "34": {
        "CpM": 0.75568551
    },
    "35": {
        "CpM": 0.76156384
    },
    "36": {
        "CpM": 0.76739717
    },
    "37": {
        "CpM": 0.7731865
    },
    "38": {
        "CpM": 0.77893275
    },
    "39": {
        "CpM": 0.78463697
    },
    "40": {
        "CpM": 0.79030001
    }
}
